date,pitcher_name,pitcher_hand,team,opponent,venue,projected_ks,actual_ks,book_line,our_edge_score,over_hit,swstr_pct,csw_pct,k_pct,opp_k_pct_vs_hand,o_swing_pct,park_factor,ump_adjustment,weather_temp,weather_wind,days_rest,pitch_count_last_outing,rolling_k_avg_3,rolling_k_avg_5,pitch_mix_adj,projected_ks_manual,innings_pitched
2026-03-26,Paul Skenes,R,PIT,NYM,Citi Field,,1,,,N/A,,,,,,,,,,,,,,,,
2026-03-26,Freddy Peralta,R,NYM,PIT,Citi Field,,7,,,N/A,,,,,,,,,,,,,,,,
2026-03-26,Shane Smith,R,CWS,MIL,American Family Field,,2,,,N/A,,,,,,,,,,,,,,,,
2026-03-26,Jacob Misiorowski,R,MIL,CWS,American Family Field,,11,,,N/A,,,,,,,,,,,,,,,,
2026-03-26,Cade Cavalli,R,WSH,CHC,Wrigley Field,,5,,,N/A,,,,,,,,,,,,,,,,
2026-03-26,Matthew Boyd,R,CHC,WSH,Wrigley Field,,7,,,N/A,,,,,,,,,,,,,,,,
2026-03-26,Joe Ryan,R,MIN,BAL,Oriole Park at Camden Yards,,7,,,N/A,,,,,,,,,,,,,,,,
2026-03-26,Trevor Rogers,R,BAL,MIN,Oriole Park at Camden Yards,,5,,,N/A,,,,,,,,,,,,,,,,
2026-03-26,Garrett Crochet,R,BOS,CIN,Great American Ball Park,,8,,,N/A,,,,,,,,,,,,,,,,
2026-03-26,Andrew Abbott,R,CIN,BOS,Great American Ball Park,,4,,,N/A,,,,,,,,,,,,,,,,
2026-03-26,José Soriano,R,LAA,HOU,Daikin Park,,7,,,N/A,,,,,,,,,,,,,,,,
2026-03-26,Hunter Brown,R,HOU,LAA,Daikin Park,,9,,,N/A,,,,,,,,,,,,,,,,
2026-03-26,Tarik Skubal,R,DET,SD,Petco Park,,6,,,N/A,,,,,,,,,,,,,,,,
2026-03-26,Nick Pivetta,R,SD,DET,Petco Park,,4,,,N/A,,,,,,,,,,,,,,,,
2026-03-26,Drew Rasmussen,R,TB,STL,Busch Stadium,,2,,,N/A,,,,,,,,,,,,,,,,
2026-03-26,Matthew Liberatore,R,STL,TB,Busch Stadium,,2,,,N/A,,,,,,,,,,,,,,,,
2026-03-26,Nathan Eovaldi,R,TEX,PHI,Citizens Bank Park,,7,,,N/A,,,,,,,,,,,,,,,,
2026-03-26,Cristopher Sánchez,R,PHI,TEX,Citizens Bank Park,,10,,,N/A,,,,,,,,,,,,,,,,
2026-03-26,Zac Gallen,R,AZ,LAD,UNIQLO Field at Dodger Stadium,,2,,,N/A,,,,,,,,,,,,,,,,
2026-03-26,Yoshinobu Yamamoto,R,LAD,AZ,UNIQLO Field at Dodger Stadium,,6,,,N/A,,,,,,,,,,,,,,,,
2026-03-26,Tanner Bibee,R,CLE,SEA,T-Mobile Park,,7,,,N/A,,,,,,,,,,,,,,,,
2026-03-26,Logan Gilbert,R,SEA,CLE,T-Mobile Park,,7,,,N/A,,,,,,,,,,,,,,,,
2026-03-27,Cam Schlittler,R,NYY,SF,Oracle Park,,8,,,N/A,,,,,,,,,,,,,,,,
2026-03-27,Robbie Ray,R,SF,NYY,Oracle Park,,4,,,N/A,,,,,,,,,,,,,,,,
2026-03-27,Luis Severino,R,ATH,TOR,Rogers Centre,,3,,,N/A,,,,,,,,,,,,,,,,
2026-03-27,Kevin Gausman,R,TOR,ATH,Rogers Centre,,11,,,N/A,,,,,,,,,,,,,,,,
2026-03-27,Kyle Freeland,R,COL,MIA,loanDepot park,,2,,,N/A,,,,,,,,,,,,,,,,
2026-03-27,Sandy Alcantara,R,MIA,COL,loanDepot park,,5,,,N/A,,,,,,,,,,,,,,,,
2026-03-27,Cole Ragans,R,KC,ATL,Truist Park,,5,,,N/A,,,,,,,,,,,,,,,,
2026-03-27,Chris Sale,R,ATL,KC,Truist Park,,6,,,N/A,,,,,,,,,,,,,,,,
2026-03-27,Yusei Kikuchi,R,LAA,HOU,Daikin Park,,3,,,N/A,,,,,,,,,,,,,,,,
2026-03-27,Mike Burrows,R,HOU,LAA,Daikin Park,,6,,,N/A,,,,,,,,,,,,,,,,
2026-03-27,Framber Valdez,R,DET,SD,Petco Park,,5,,,N/A,,,,,,,,,,,,,,,,
2026-03-27,Michael King,R,SD,DET,Petco Park,,6,,,N/A,,,,,,,,,,,,,,,,
2026-03-27,Gavin Williams,R,CLE,SEA,T-Mobile Park,,7,,,N/A,,,,,,,,,,,,,,,,
2026-03-27,George Kirby,R,SEA,CLE,T-Mobile Park,,6,,,N/A,,,,,,,,,,,,,,,,
2026-03-27,Ryne Nelson,R,AZ,LAD,UNIQLO Field at Dodger Stadium,,4,,,N/A,,,,,,,,,,,,,,,,
2026-03-27,Emmet Sheehan,R,LAD,AZ,UNIQLO Field at Dodger Stadium,,6,,,N/A,,,,,,,,,,,,,,,,
2026-03-28,Joe Boyle,R,TB,STL,Busch Stadium,,4,,,N/A,,,,,,,,,,,,,,,,
2026-03-28,Michael McGreevy,R,STL,TB,Busch Stadium,,5,,,N/A,,,,,,,,,,,,,,,,
2026-03-28,Miles Mikolas,R,WSH,CHC,Wrigley Field,,4,,,N/A,,,,,,,,,,,,,,,,
2026-03-28,Cade Horton,R,CHC,WSH,Wrigley Field,,4,,,N/A,,,,,,,,,,,,,,,,
2026-03-28,Jeffrey Springs,R,ATH,TOR,Rogers Centre,,2,,,N/A,,,,,,,,,,,,,,,,
2026-03-28,Dylan Cease,R,TOR,ATH,Rogers Centre,,12,,,N/A,,,,,,,,,,,,,,,,
2026-03-28,Taj Bradley,R,MIN,BAL,Oriole Park at Camden Yards,,9,,,N/A,,,,,,,,,,,,,,,,
2026-03-28,Kyle Bradish,R,BAL,MIN,Oriole Park at Camden Yards,,4,,,N/A,,,,,,,,,,,,,,,,
2026-03-28,Jacob Latz,R,TEX,PHI,Citizens Bank Park,,3,,,N/A,,,,,,,,,,,,,,,,
2026-03-28,Aaron Nola,R,PHI,TEX,Citizens Bank Park,,7,,,N/A,,,,,,,,,,,,,,,,
2026-03-28,Sonny Gray,R,BOS,CIN,Great American Ball Park,,5,,,N/A,,,,,,,,,,,,,,,,
2026-03-28,Brady Singer,R,CIN,BOS,Great American Ball Park,,5,,,N/A,,,,,,,,,,,,,,,,
2026-03-28,Mitch Keller,R,PIT,NYM,Citi Field,,3,,,N/A,,,,,,,,,,,,,,,,
2026-03-28,David Peterson,R,NYM,PIT,Citi Field,,3,,,N/A,,,,,,,,,,,,,,,,
2026-03-28,Michael Lorenzen,R,COL,MIA,loanDepot park,,4,,,N/A,,,,,,,,,,,,,,,,
2026-03-28,Eury Pérez,R,MIA,COL,loanDepot park,,8,,,N/A,,,,,,,,,,,,,,,,
2026-03-28,Reid Detmers,R,LAA,HOU,Daikin Park,,9,,,N/A,,,,,,,,,,,,,,,,
2026-03-28,Cristian Javier,R,HOU,LAA,Daikin Park,,1,,,N/A,,,,,,,,,,,,,,,,
2026-03-28,Sean Burke,R,CWS,MIL,American Family Field,,5,,,N/A,,,,,,,,,,,,,,,,
2026-03-28,Chad Patrick,R,MIL,CWS,American Family Field,,4,,,N/A,,,,,,,,,,,,,,,,
2026-03-28,Michael Wacha,R,KC,ATL,Truist Park,,7,,,N/A,,,,,,,,,,,,,,,,
2026-03-28,Reynaldo López,R,ATL,KC,Truist Park,,3,,,N/A,,,,,,,,,,,,,,,,
2026-03-28,Will Warren,R,NYY,SF,Oracle Park,,3,,,N/A,,,,,,,,,,,,,,,,
2026-03-28,Tyler Mahle,R,SF,NYY,Oracle Park,,5,,,N/A,,,,,,,,,,,,,,,,
2026-03-28,Jack Flaherty,R,DET,SD,Petco Park,,2,,,N/A,,,,,,,,,,,,,,,,
2026-03-28,Randy Vásquez,R,SD,DET,Petco Park,,8,,,N/A,,,,,,,,,,,,,,,,
2026-03-28,Eduardo Rodriguez,R,AZ,LAD,UNIQLO Field at Dodger Stadium,,5,,,N/A,,,,,,,,,,,,,,,,
2026-03-28,Tyler Glasnow,R,LAD,AZ,UNIQLO Field at Dodger Stadium,,6,,,N/A,,,,,,,,,,,,,,,,
2026-03-28,Joey Cantillo,R,CLE,SEA,T-Mobile Park,,5,,,N/A,,,,,,,,,,,,,,,,
2026-03-28,Bryan Woo,R,SEA,CLE,T-Mobile Park,,9,,,N/A,,,,,,,,,,,,,,,,
2026-03-29,Bailey Ober,R,MIN,BAL,Oriole Park at Camden Yards,,1,,,N/A,,,,,,,,,,,,,,,,
2026-03-29,Shane Baz,R,BAL,MIN,Oriole Park at Camden Yards,,4,,,N/A,,,,,,,,,,,,,,,,
2026-03-29,MacKenzie Gore,R,TEX,PHI,Citizens Bank Park,,7,,,N/A,,,,,,,,,,,,,,,,
2026-03-29,Jesús Luzardo,R,PHI,TEX,Citizens Bank Park,,7,,,N/A,,,,,,,,,,,,,,,,
2026-03-29,Seth Lugo,R,KC,ATL,Truist Park,,3,,,N/A,,,,,,,,,,,,,,,,
2026-03-29,Grant Holmes,R,ATL,KC,Truist Park,,4,,,N/A,,,,,,,,,,,,,,,,
2026-03-29,Luis Morales,R,ATH,TOR,Rogers Centre,,5,,,N/A,,,,,,,,,,,,,,,,
2026-03-29,Eric Lauer,R,TOR,ATH,Rogers Centre,,9,,,N/A,,,,,,,,,,,,,,,,
2026-03-29,Connelly Early,R,BOS,CIN,Great American Ball Park,,6,,,N/A,,,,,,,,,,,,,,,,
2026-03-29,Rhett Lowder,R,CIN,BOS,Great American Ball Park,,5,,,N/A,,,,,,,,,,,,,,,,
2026-03-29,Carmen Mlodzinski,R,PIT,NYM,Citi Field,,8,,,N/A,,,,,,,,,,,,,,,,
2026-03-29,Nolan McLean,R,NYM,PIT,Citi Field,,8,,,N/A,,,,,,,,,,,,,,,,
2026-03-29,Jose Quintana,R,COL,MIA,loanDepot park,,2,,,N/A,,,,,,,,,,,,,,,,
2026-03-29,Max Meyer,R,MIA,COL,loanDepot park,,5,,,N/A,,,,,,,,,,,,,,,,
2026-03-29,Jack Kochanowicz,R,LAA,HOU,Daikin Park,,3,,,N/A,,,,,,,,,,,,,,,,
2026-03-29,Tatsuya Imai,R,HOU,LAA,Daikin Park,,4,,,N/A,,,,,,,,,,,,,,,,
2026-03-29,Anthony Kay,R,CWS,MIL,American Family Field,,5,,,N/A,,,,,,,,,,,,,,,,
2026-03-29,Brandon Sproat,R,MIL,CWS,American Family Field,,3,,,N/A,,,,,,,,,,,,,,,,
2026-03-29,Steven Matz,R,TB,STL,Busch Stadium,,2,,,N/A,,,,,,,,,,,,,,,,
2026-03-29,Dustin May,R,STL,TB,Busch Stadium,,3,,,N/A,,,,,,,,,,,,,,,,
2026-03-29,Jake Irvin,R,WSH,CHC,Wrigley Field,,7,,,N/A,,,,,,,,,,,,,,,,
2026-03-29,Shota Imanaga,R,CHC,WSH,Wrigley Field,,7,,,N/A,,,,,,,,,,,,,,,,
2026-03-29,Slade Cecconi,R,CLE,SEA,T-Mobile Park,,5,,,N/A,,,,,,,,,,,,,,,,
2026-03-29,Emerson Hancock,R,SEA,CLE,T-Mobile Park,,9,,,N/A,,,,,,,,,,,,,,,,
2026-03-30,Simeon Woods Richardson,R,MIN,KC,Kauffman Stadium,,2,,,N/A,,,,,,,,,,,,,,,,
2026-03-30,Kris Bubic,R,KC,MIN,Kauffman Stadium,,4,,,N/A,,,,,,,,,,,,,,,,
2026-03-30,Jack Leiter,R,TEX,BAL,Oriole Park at Camden Yards,,8,,,N/A,,,,,,,,,,,,,,,,
2026-03-30,Chris Bassitt,R,BAL,TEX,Oriole Park at Camden Yards,,3,,,N/A,,,,,,,,,,,,,,,,
2026-03-30,Braxton Ashcraft,R,PIT,CIN,Great American Ball Park,,3,,,N/A,,,,,,,,,,,,,,,,
2026-03-30,Chase Burns,R,CIN,PIT,Great American Ball Park,,7,,,N/A,,,,,,,,,,,,,,,,
2026-03-30,Foster Griffin,R,WSH,PHI,Citizens Bank Park,,5,,,N/A,,,,,,,,,,,,,,,,
2026-03-30,Taijuan Walker,R,PHI,WSH,Citizens Bank Park,,2,,,N/A,,,,,,,,,,,,,,,,
2026-03-30,Davis Martin,R,CWS,MIA,loanDepot park,,6,,,N/A,,,,,,,,,,,,,,,,
2026-03-30,Chris Paddack,R,MIA,CWS,loanDepot park,,6,,,N/A,,,,,,,,,,,,,,,,
2026-03-30,Tomoyuki Sugano,R,COL,TOR,Rogers Centre,,4,,,N/A,,,,,,,,,,,,,,,,
2026-03-30,Cody Ponce,R,TOR,COL,Rogers Centre,,3,,,N/A,,,,,,,,,,,,,,,,
2026-03-30,Jacob Lopez,R,ATH,ATL,Truist Park,,0,,,N/A,,,,,,,,,,,,,,,,
2026-03-30,Bryce Elder,R,ATL,ATH,Truist Park,,5,,,N/A,,,,,,,,,,,,,,,,
2026-03-30,Ryan Johnson,R,LAA,CHC,Wrigley Field,,2,,,N/A,,,,,,,,,,,,,,,,
2026-03-30,Edward Cabrera,R,CHC,LAA,Wrigley Field,,5,,,N/A,,,,,,,,,,,,,,,,
2026-03-30,Nick Martinez,R,TB,MIL,American Family Field,,3,,,N/A,,,,,,,,,,,,,,,,
2026-03-30,Kyle Harrison,R,MIL,TB,American Family Field,,8,,,N/A,,,,,,,,,,,,,,,,
2026-03-30,Clay Holmes,R,NYM,STL,Busch Stadium,,5,,,N/A,,,,,,,,,,,,,,,,
2026-03-30,Kyle Leahy,R,STL,NYM,Busch Stadium,,1,,,N/A,,,,,,,,,,,,,,,,
2026-03-30,Ranger Suarez,R,BOS,HOU,Daikin Park,,3,,,N/A,,,,,,,,,,,,,,,,
2026-03-30,Lance McCullers Jr.,R,HOU,BOS,Daikin Park,,9,,,N/A,,,,,,,,,,,,,,,,
2026-03-30,Landen Roupp,R,SF,SD,Petco Park,,7,,,N/A,,,,,,,,,,,,,,,,
2026-03-30,Walker Buehler,R,SD,SF,Petco Park,,3,,,N/A,,,,,,,,,,,,,,,,
2026-03-30,Ryan Weathers,R,NYY,SEA,T-Mobile Park,,7,,,N/A,,,,,,,,,,,,,,,,
2026-03-30,Luis Castillo,R,SEA,NYY,T-Mobile Park,,7,,,N/A,,,,,,,,,,,,,,,,
2026-03-30,Justin Verlander,R,DET,AZ,Chase Field,,1,,,N/A,,,,,,,,,,,,,,,,
2026-03-30,Michael Soroka,R,AZ,DET,Chase Field,,10,,,N/A,,,,,,,,,,,,,,,,
2026-03-30,Parker Messick,R,CLE,LAD,UNIQLO Field at Dodger Stadium,,5,,,N/A,,,,,,,,,,,,,,,,
2026-03-30,Roki Sasaki,R,LAD,CLE,UNIQLO Field at Dodger Stadium,,4,,,N/A,,,,,,,,,,,,,,,,
2026-03-31,Jacob deGrom,R,TEX,BAL,Oriole Park at Camden Yards,,7,,,N/A,,,,,,,,,,,,,,,,
2026-03-31,Zach Eflin,R,BAL,TEX,Oriole Park at Camden Yards,,7,,,N/A,,,,,,,,,,,,,,,,
2026-03-31,Bubba Chandler,R,PIT,CIN,Great American Ball Park,,6,,,N/A,,,,,,,,,,,,,,,,
2026-03-31,Brandon Williamson,R,CIN,PIT,Great American Ball Park,,3,,,N/A,,,,,,,,,,,,,,,,
2026-03-31,PJ Poulin,R,WSH,PHI,Citizens Bank Park,,1,,,N/A,,,,,,,,,,,,,,,,
2026-03-31,Andrew Painter,R,PHI,WSH,Citizens Bank Park,,8,,,N/A,,,,,,,,,,,,,,,,
2026-03-31,Erick Fedde,R,CWS,MIA,loanDepot park,,4,,,N/A,,,,,,,,,,,,,,,,
2026-03-31,Janson Junk,R,MIA,CWS,loanDepot park,,5,,,N/A,,,,,,,,,,,,,,,,
2026-03-31,Ryan Feltner,R,COL,TOR,Rogers Centre,,4,,,N/A,,,,,,,,,,,,,,,,
2026-03-31,Max Scherzer,R,TOR,COL,Rogers Centre,,4,,,N/A,,,,,,,,,,,,,,,,
2026-03-31,Aaron Civale,R,ATH,ATL,Truist Park,,3,,,N/A,,,,,,,,,,,,,,,,
2026-03-31,José Suarez,R,ATL,ATH,Truist Park,,6,,,N/A,,,,,,,,,,,,,,,,
2026-03-31,José Soriano,R,LAA,CHC,Wrigley Field,,4,,,N/A,,,,,,,,,,,,,,,,
2026-03-31,Jameson Taillon,R,CHC,LAA,Wrigley Field,,3,,,N/A,,,,,,,,,,,,,,,,
2026-03-31,Shane McClanahan,R,TB,MIL,American Family Field,,4,,,N/A,,,,,,,,,,,,,,,,
2026-03-31,Brandon Woodruff,R,MIL,TB,American Family Field,,6,,,N/A,,,,,,,,,,,,,,,,
2026-03-31,Kodai Senga,R,NYM,STL,Busch Stadium,,9,,,N/A,,,,,,,,,,,,,,,,
2026-03-31,Andre Pallante,R,STL,NYM,Busch Stadium,,3,,,N/A,,,,,,,,,,,,,,,,
2026-03-31,Brayan Bello,R,BOS,HOU,Daikin Park,,2,,,N/A,,,,,,,,,,,,,,,,
2026-03-31,Hunter Brown,R,HOU,BOS,Daikin Park,,8,,,N/A,,,,,,,,,,,,,,,,
2026-03-31,Casey Mize,R,DET,AZ,Chase Field,,9,,,N/A,,,,,,,,,,,,,,,,
2026-03-31,Brandon Pfaadt,R,AZ,DET,Chase Field,,3,,,N/A,,,,,,,,,,,,,,,,
2026-03-31,Logan Webb,R,SF,SD,Petco Park,,5,,,N/A,,,,,,,,,,,,,,,,
2026-03-31,Germán Márquez,R,SD,SF,Petco Park,,1,,,N/A,,,,,,,,,,,,,,,,
2026-03-31,Max Fried,R,NYY,SEA,T-Mobile Park,,6,,,N/A,,,,,,,,,,,,,,,,
2026-03-31,Logan Gilbert,R,SEA,NYY,T-Mobile Park,,6,,,N/A,,,,,,,,,,,,,,,,
2026-03-31,Tanner Bibee,R,CLE,LAD,UNIQLO Field at Dodger Stadium,,4,,,N/A,,,,,,,,,,,,,,,,
2026-03-31,Shohei Ohtani,R,LAD,CLE,UNIQLO Field at Dodger Stadium,,6,,,N/A,,,,,,,,,,,,,,,,
2026-04-02,Taj Bradley,R,MIN,KC,Kauffman Stadium,7.9,3,4.5,69.3,N,0.1395,0.2947,0.474,0.214,0.281,100,1.0,63,17,5,0,6.67,5.2,,,
2026-04-02,Cole Ragans,R,KC,MIN,Kauffman Stadium,5.7,8,7.5,55.1,Y,0.1762,0.2818,0.238,0.25,0.319,100,1.0,63,17,6,0,6.0,5.0,,,
2026-04-01,Luis Severino,R,ATH,ATL,Truist Park,4.0,7,,0.0,N/A,0.0914,0.2437,0.15,0.183,0.332,100,1.0,73,5,5,84,4.33,4.33,,,
2026-04-01,Chris Sale,R,ATL,ATH,Truist Park,6.1,3,,0.0,N/A,0.1339,0.3202,0.261,0.37799999999999995,0.405,100,1.0,73,5,5,88,4.33,3.6,,,
2026-04-01,Nathan Eovaldi,R,TEX,BAL,Oriole Park at Camden Yards,6.7,5,,0.0,N/A,0.1365,0.2997,0.318,0.28,0.354,100,1.0,67,5,6,80,4.0,4.0,,,
2026-04-01,Trevor Rogers,R,BAL,TEX,Oriole Park at Camden Yards,4.7,3,,0.0,N/A,0.1414,0.303,0.185,0.275,0.281,100,1.0,67,5,6,88,5.0,4.2,,,
2026-04-01,Paul Skenes,R,PIT,CIN,Great American Ball Park,5.3,5,,0.0,N/A,0.1355,0.2581,0.0,0.27399999999999997,0.29,100,1.0,56,10,6,37,3.33,3.33,,,
2026-04-01,Andrew Abbott,R,CIN,PIT,Great American Ball Park,4.6,5,,0.0,N/A,0.1258,0.2854,0.167,0.24,0.319,100,1.0,56,10,6,83,4.0,4.4,,,
2026-04-01,Cade Cavalli,R,WSH,PHI,Citizens Bank Park,4.9,3,,0.0,N/A,0.0766,0.2874,0.294,0.228,0.33899999999999997,100,1.0,66,3,6,75,2.67,3.0,,,
2026-04-01,Cristopher Sánchez,R,PHI,WSH,Citizens Bank Park,7.8,7,,0.0,N/A,0.1775,0.3609,0.0,0.226,0.371,100,1.0,66,3,6,87,6.0,6.0,,,
2026-04-01,Kyle Freeland,R,COL,TOR,Rogers Centre,2.7,6,,0.0,N/A,0.0769,0.2398,0.095,0.182,0.369,100,1.0,72,0,5,81,2.67,2.5,,,
2026-04-01,Kevin Gausman,R,TOR,COL,Rogers Centre,10.0,10,,0.0,N/A,0.1709,0.2778,0.579,0.24600000000000002,0.396,100,1.0,72,0,5,83,5.33,4.75,,,
2026-04-01,Shane Smith,R,CWS,MIA,loanDepot park,3.8,1,,0.0,N/A,0.0652,0.2391,0.182,0.198,0.295,100,1.0,72,0,6,54,3.0,2.2,,,
2026-04-01,Sandy Alcantara,R,MIA,CWS,loanDepot park,5.6,7,,0.0,N/A,0.1233,0.2867,0.2,0.359,0.349,100,1.0,72,0,5,73,5.33,4.2,,,
2026-04-01,Freddy Peralta,R,NYM,STL,Busch Stadium,6.6,7,,0.0,N/A,0.1762,0.3476,0.333,0.195,0.32799999999999996,100,1.0,55,3,6,80,5.33,4.75,,,
2026-04-01,Matthew Liberatore,R,STL,NYM,Busch Stadium,3.4,2,,0.0,N/A,0.1568,0.2962,0.083,0.214,0.308,100,1.0,55,3,6,78,4.67,4.2,,,
2026-04-01,Drew Rasmussen,R,TB,MIL,American Family Field,2.8,8,,0.0,N/A,0.0871,0.2544,0.1,0.185,0.309,100,1.0,72,0,6,73,3.0,2.6,,,
2026-04-01,Jacob Misiorowski,R,MIL,TB,American Family Field,8.8,7,,0.0,N/A,0.1839,0.3419,0.55,0.19699999999999998,0.332,100,1.0,72,0,6,95,6.67,6.5,,,
2026-04-01,Garrett Crochet,R,BOS,HOU,Daikin Park,6.1,7,,0.0,N/A,0.1217,0.2697,0.333,0.20600000000000002,0.34700000000000003,100,1.0,72,5,6,80,4.33,3.2,,,
2026-04-01,Mike Burrows,R,HOU,BOS,Daikin Park,5.2,6,,0.0,N/A,0.1283,0.2968,0.231,0.284,0.325,100,1.0,72,5,5,94,4.33,4.2,,,
2026-04-01,Yusei Kikuchi,R,LAA,CHC,Wrigley Field,3.2,5,,0.0,N/A,0.1333,0.26,0.136,0.207,0.301,100,1.0,39,10,5,86,2.5,2.5,,,
2026-04-01,Matthew Boyd,R,CHC,LAA,Wrigley Field,8.0,10,,0.0,N/A,0.1864,0.3364,0.412,0.27,0.278,100,1.0,39,10,6,63,5.0,4.75,,,
2026-04-01,Tarik Skubal,R,DET,AZ,Chase Field,6.1,3,,0.0,N/A,0.1519,0.3004,0.273,0.237,0.353,100,1.0,72,0,6,74,6.0,4.6,,,
2026-04-01,Zac Gallen,R,AZ,DET,Chase Field,2.5,2,,0.0,N/A,0.1149,0.2452,0.105,0.28800000000000003,0.31,100,1.0,72,0,6,76,1.0,1.6,,,
2026-04-01,Adrian Houser,R,SF,SD,Petco Park,4.7,4,,0.0,N/A,0.0909,0.2781,0.0,0.251,0.36200000000000004,100,1.0,67,10,12,78,3.67,3.67,,,
2026-04-01,Nick Pivetta,R,SD,SF,Petco Park,4.7,8,,0.0,N/A,0.1083,0.2491,0.211,0.23,0.34299999999999997,100,1.0,67,10,6,69,3.67,2.6,,,
2026-04-01,Cam Schlittler,R,NYY,SEA,T-Mobile Park,8.6,7,,0.0,N/A,0.1389,0.3009,0.471,0.27699999999999997,0.32799999999999996,100,1.0,72,0,5,69,5.0,4.75,,,
2026-04-01,George Kirby,R,SEA,NYY,T-Mobile Park,5.6,6,,0.0,N/A,0.1146,0.2755,0.273,0.26899999999999996,0.285,100,1.0,72,0,5,90,4.67,3.4,,,
2026-04-01,Joe Ryan,R,MIN,KC,Kauffman Stadium,,3,,,N/A,,,,,,,,,,,,,,,,
2026-04-01,Noah Cameron,R,KC,MIN,Kauffman Stadium,,5,,,N/A,,,,,,,,,,,,,,,,
2026-04-01,Gavin Williams,R,CLE,LAD,UNIQLO Field at Dodger Stadium,,10,,,N/A,,,,,,,,,,,,,,,,
2026-04-01,Yoshinobu Yamamoto,R,LAD,CLE,UNIQLO Field at Dodger Stadium,,2,,,N/A,,,,,,,,,,,,,,,,
2026-04-02,Reynaldo López,R,ATL,AZ,Chase Field,4.3,3,,0.0,N/A,0.0874,0.2705,0.0,0.217,0.355,100,1.0,72,0,5,0,3.33,3.2,,,
2026-04-02,Ryne Nelson,R,AZ,ATL,Chase Field,5.4,3,4.5,40.1,N,0.1516,0.2974,0.211,0.2,0.321,100,1.0,72,0,6,0,5.67,4.8,,,
2026-04-02,David Peterson,R,NYM,SF,Oracle Park,3.6,5,4.5,23.6,Y,0.1282,0.2747,0.12,0.259,0.35600000000000004,100,1.0,48,7,5,0,3.0,3.0,,,
2026-04-02,Robbie Ray,R,SF,NYM,Oracle Park,4.9,7,5.5,9.8,Y,0.1392,0.2633,0.19,0.201,0.305,100,1.0,48,7,6,0,6.0,4.8,,,
2026-04-03,Emmet Sheehan,R,LAD,WSH,Nationals Park,,2,,,N/A,,,,,,,,,,,,,,,,5.2
2026-04-03,Miles Mikolas,R,WSH,LAD,Nationals Park,,4,,,N/A,,,,,,,,,,,,,,,,4.1
2026-04-03,Michael McGreevy,R,STL,DET,Comerica Park,,4,,,N/A,,,,,,,,,,,,,,,,4.2
2026-04-03,Framber Valdez,R,DET,STL,Comerica Park,,5,,,N/A,,,,,,,,,,,,,,,,6.0
2026-04-03,Eury Pérez,R,MIA,NYY,Yankee Stadium,,4,,,N/A,,,,,,,,,,,,,,,,4.0
2026-04-03,Will Warren,R,NYY,MIA,Yankee Stadium,,6,,,N/A,,,,,,,,,,,,,,,,5.2
2026-04-03,Michael King,R,SD,BOS,Fenway Park,,5,,,N/A,,,,,,,,,,,,,,,,5.2
2026-04-03,Sonny Gray,R,BOS,SD,Fenway Park,,3,,,N/A,,,,,,,,,,,,,,,,6.0
2026-04-03,Dylan Cease,R,TOR,CWS,Rate Field,,6,,,N/A,,,,,,,,,,,,,,,,4.1
2026-04-03,Grant Taylor,R,CWS,TOR,Rate Field,,1,,,N/A,,,,,,,,,,,,,,,,1.0
2026-04-03,Brady Singer,R,CIN,TEX,Globe Life Field,5.3,5,5.5,1.8,N,0.1063,0.286,0.2297,0.2315,0.2783,100,1.0,72,0,6,74,5.0,5.0,0.92,5.5,5.0
2026-04-03,MacKenzie Gore,L,TEX,CIN,Globe Life Field,6.7,9,6.5,1.1,Y,0.1454,0.2813,0.2743,0.2272,0.2552,100,1.0,72,0,5,90,7.0,7.0,0.9273,6.4,6.0
2026-04-03,Cade Horton,R,CHC,CLE,Progressive Field,6.0,0,3.5,26.5,N,0.1246,0.2966,0.199,0.2327,0.269,100,1.0,74,17,6,75,4.0,4.0,0.92,4.7,1.0
2026-04-03,Joey Cantillo,L,CLE,CHC,Progressive Field,6.2,6,4.5,14.0,Y,0.1283,0.3219,0.2694,0.2211,0.3195,100,1.0,74,17,6,91,5.0,5.0,0.92,5.8,5.1
2026-04-03,Joe Boyle,R,TB,MIN,Target Field,5.7,9,5.5,-0.9,Y,0.1271,0.2981,0.2479,0.2152,0.314,100,1.0,38,13,6,75,4.0,4.0,0.92,5.3,5.1
2026-04-03,Bailey Ober,R,MIN,TB,Target Field,1.7,4,4.5,22.9,N,0.1239,0.2746,0.1782,0.2045,0.3015,100,1.0,38,13,5,56,1.0,1.0,0.92,3.1,4.0
2026-04-03,Aaron Nola,R,PHI,COL,Coors Field,6.0,9,5.5,-2.4,Y,0.118,0.3004,0.2477,0.2255,0.339,100,1.0,53,20,6,91,7.0,7.0,0.9256,6.7,6.1
2026-04-03,Michael Lorenzen,R,COL,PHI,Coors Field,5.8,2,4.5,25.0,N,0.1126,0.2688,0.2052,0.239,0.3188,100,1.0,53,20,6,93,4.0,4.0,0.92,4.9,3.0
2026-04-03,Kyle Bradish,R,BAL,PIT,PNC Park,7.2,6,5.5,15.9,Y,0.1579,0.3441,0.35,0.2427,0.3046,100,1.0,77,20,6,83,4.0,4.0,0.948,6.8,4.0
2026-04-03,Mitch Keller,R,PIT,BAL,PNC Park,5.6,4,4.5,6.8,N,0.0996,0.2682,0.1914,0.2537,0.3097,100,1.0,77,20,6,77,3.0,3.0,0.92,4.5,6.0
2026-04-03,Bryan Woo,R,SEA,LAA,Angel Stadium,7.8,6,6.5,4.5,N,0.1393,0.2837,0.2866,0.2789,0.2649,100,1.0,80,9,6,83,9.0,9.0,1.0531,8.7,7.0
2026-04-03,Reid Detmers,L,LAA,SEA,Angel Stadium,7.6,4,5.5,16.0,N,0.1591,0.3273,0.3109,0.2368,0.2897,100,1.0,80,9,6,95,9.0,9.0,0.9883,8.3,6.2
2026-04-03,Cristian Javier,R,HOU,ATH,Sutter Health Park,4.8,2,4.5,0.3,N,0.1084,0.2751,0.1993,0.2728,0.3379,100,1.0,72,5,6,74,1.0,1.0,0.9297,3.9,3.2
2026-04-03,Jeffrey Springs,L,ATH,HOU,Sutter Health Park,4.5,7,4.5,3.7,Y,0.12,0.2868,0.1817,0.2293,0.3104,100,1.0,72,5,6,83,2.0,2.0,0.92,3.6,6.0
2026-04-03,Grant Holmes,R,ATL,AZ,Chase Field,6.0,4,4.5,20.7,N,0.1431,0.2893,0.2402,0.2207,0.3102,100,1.0,72,0,5,76,4.0,4.0,0.92,5.2,6.0
2026-04-03,Eduardo Rodriguez,L,AZ,ATL,Chase Field,5.3,3,4.5,12.6,N,0.1082,0.2638,0.2094,0.1955,0.2869,100,1.0,72,0,6,79,5.0,5.0,0.9423,5.0,7.0
2026-04-04,Mason Fluharty,L,TOR,CWS,Rate Field,4.4,0,,0.0,N/A,0.2,0.4,0.267,0.2482,0.2721,100,1.0,72,5,3,9,1.33,1.0,0.9251,4.4,1.0
2026-04-04,Grant Taylor,R,CWS,TOR,Rate Field,14.0,1,,0.0,N/A,0.134,0.313,0.345,0.2014,0.32,100,1.0,72,5,6,24,2.0,2.0,0.9237,14.0,1.0
2026-04-04,Chad Patrick,R,MIL,KC,Kauffman Stadium,5.2,3,4.5,12.5,N,0.104,0.249,0.2423,0.2344,0.2992,100,1.0,44,16,7,74,4.0,4.0,0.9216,5.2,5.0
2026-04-04,Luinder Avila,R,KC,MIL,Kauffman Stadium,6.0,4,,0.0,N/A,0.115,0.252,0.2857,0.202,0.2909,100,1.0,44,16,5,0,0.0,0.0,1.0,6.0,3.0
2026-04-04,Logan Henderson,R,MIL,KC,Kauffman Stadium,,3,,,N/A,,,,,,,,,,,,,,,,2.0
2026-04-04,Seth Lugo,R,KC,MIL,Kauffman Stadium,4.3,7,,0.0,N/A,0.08,0.269,0.1944,0.202,0.2909,100,1.0,44,16,6,77,3.0,3.0,0.92,4.3,5.0
2026-04-04,Tyler Glasnow,R,LAD,WSH,Nationals Park,5.4,9,6.5,6.4,Y,0.11,0.289,0.2862,0.2189,0.3037,100,1.0,69,10,7,90,6.0,6.0,0.92,5.4,6.0
2026-04-04,Jake Irvin,R,WSH,LAD,Nationals Park,4.7,4,3.5,9.4,Y,0.077,0.254,0.1793,0.2229,0.265,100,1.0,69,10,6,93,7.0,7.0,0.9502,4.7,4.0
2026-04-04,Tatsuya Imai,R,HOU,ATH,Sutter Health Park,5.8,9,5.5,9.8,Y,0.115,0.27,0.2262,0.2728,0.3379,100,1.0,72,5,6,74,4.0,4.0,0.9578,5.8,5.2
2026-04-04,Luis Morales,R,ATH,HOU,Sutter Health Park,5.3,0,4.5,10.7,N,0.095,0.261,0.2192,0.2443,0.3189,100,1.0,72,5,6,71,5.0,5.0,0.928,5.3,3.0
2026-04-04,Shane Baz,R,BAL,PIT,PNC Park,5.5,5,5.5,-4.1,N,0.116,0.276,0.2414,0.2427,0.3046,100,1.0,64,3,6,78,4.0,4.0,0.9526,5.5,5.2
2026-04-04,Carmen Mlodzinski,R,PIT,BAL,PNC Park,8.6,5,4.5,41.4,Y,0.099,0.269,0.2295,0.2537,0.3097,100,1.0,64,3,6,85,8.0,8.0,0.92,8.6,4.2
2026-04-04,Randy Vásquez,R,SD,BOS,Fenway Park,6.4,3,3.5,32.7,N,0.115,0.27,0.2439,0.2642,0.313,100,1.0,60,17,7,91,8.0,8.0,0.9374,6.4,6.0
2026-04-04,Connelly Early,L,BOS,SD,Fenway Park,7.1,4,4.5,24.8,N,0.161,0.294,0.35,0.2529,0.3275,100,1.0,60,17,6,96,6.0,6.0,0.9436,7.1,4.0
2026-04-04,Rhett Lowder,R,CIN,TEX,Globe Life Field,5.5,4,4.5,18.1,N,0.115,0.27,0.2269,0.2315,0.2783,100,1.0,72,0,6,86,5.0,5.0,0.9744,5.5,6.0
2026-04-04,Kumar Rocker,R,TEX,CIN,Globe Life Field,4.4,3,4.5,-4.9,N,0.113,0.262,0.195,0.2411,0.2698,100,1.0,72,0,5,0,0.0,0.0,1.0,4.4,5.0
2026-04-04,Max Meyer,R,MIA,NYY,Yankee Stadium,5.5,6,5.5,4.8,Y,0.119,0.288,0.2366,0.2503,0.2677,100,1.0,59,9,6,81,5.0,5.0,0.92,5.5,4.2
2026-04-04,Ryan Weathers,L,NYY,MIA,Yankee Stadium,5.1,4,5.5,3.3,N,0.132,0.287,0.2365,0.2017,0.3024,100,1.0,59,9,5,77,7.0,7.0,0.92,5.1,3.2
2026-04-04,Steven Matz,L,TB,MIN,Target Field,14.0,8,,0.0,N/A,0.079,0.275,0.1803,0.2311,0.2714,100,1.0,34,9,6,81,2.0,2.0,0.9858,14.0,6.0
2026-04-04,Mick Abel,R,MIN,TB,Target Field,4.5,3,,0.0,N/A,0.113,0.26,0.2223,0.2045,0.3015,100,1.0,34,9,6,85,4.0,4.0,0.92,4.5,4.0
2026-04-04,Bryce Elder,R,ATL,AZ,Chase Field,4.8,8,3.5,12.9,Y,0.093,0.258,0.1961,0.2207,0.3102,100,1.0,72,0,5,83,5.0,5.0,0.92,4.8,7.0
2026-04-04,Michael Soroka,R,AZ,ATL,Chase Field,6.7,3,4.5,20.5,N,0.094,0.273,0.2787,0.1972,0.3044,100,1.0,72,0,5,89,10.0,10.0,1.0073,6.7,5.0
2026-04-04,Jesús Luzardo,R,PHI,COL,Coors Field,,11,,,N/A,,,,,,,,,,,,,,,,6.2
2026-04-04,Brennan Bernardino,R,COL,PHI,Coors Field,,0,,,N/A,,,,,,,,,,,,,,,,0.2
2026-04-04,Clay Holmes,R,NYM,SF,Oracle Park,4.4,4,4.5,-7.4,N,0.091,0.271,0.186,0.1967,0.3236,100,1.0,59,3,5,90,5.0,5.0,0.92,4.4,7.0
2026-04-04,Landen Roupp,R,SF,NYM,Oracle Park,4.9,7,4.5,3.6,Y,0.098,0.29,0.2295,0.1991,0.2857,100,1.0,59,3,5,88,7.0,7.0,0.92,4.9,4.2
2026-04-04,Dustin May,R,STL,DET,Comerica Park,5.1,4,4.5,3.7,N,0.081,0.266,0.2042,0.2498,0.2956,100,1.0,42,13,6,61,3.0,3.0,0.92,5.1,3.1
2026-04-04,Jack Flaherty,R,DET,STL,Comerica Park,5.5,6,5.5,-6.9,Y,0.113,0.293,0.2592,0.2226,0.3083,100,1.0,42,13,7,89,2.0,2.0,0.9433,5.5,4.0
2026-04-04,Emerson Hancock,R,SEA,LAA,Angel Stadium,6.2,5,4.5,14.0,N,0.089,0.241,0.2062,0.2789,0.2649,100,1.0,74,10,6,97,9.0,9.0,1.0013,6.2,
2026-04-04,Jack Kochanowicz,R,LAA,SEA,Angel Stadium,3.6,7,3.5,8.5,Y,0.088,0.228,0.1405,0.2724,0.3068,100,1.0,74,10,6,95,3.0,3.0,0.967,3.6,
2026-04-05,Edward Cabrera,R,CHC,CLE,Progressive Field,5.7,4,5.5,0.0,N,0.13625,0.30583333333333335,0.2587,0.2297,0.2724,100,1.0,53,14,5,80,5.0,5.0,0.92,5.7,5.2
2026-04-05,Slade Cecconi,R,CLE,CHC,Progressive Field,5.1,6,4.5,0.0,Y,0.09708333333333334,0.2812666666666667,0.2007,0.2201,0.2759,100,1.0,53,14,6,93,5.0,5.0,0.9413,5.1,6.0
2026-04-05,Shota Imanaga,L,CHC,CLE,Progressive Field,5.1,4,5.5,0.0,N,0.13371666666666665,0.26378333333333337,0.2184,0.2225,0.2812,100,1.0,53,14,6,82,7.0,7.0,0.92,5.1,5.0
2026-04-05,Parker Messick,L,CLE,CHC,Progressive Field,5.7,6,4.5,0.0,Y,0.11776666666666667,0.30855,0.2326,0.2265,0.3164,100,1.0,53,14,5,76,5.0,5.0,0.92,5.7,5.0
2026-04-05,Roki Sasaki,R,LAD,WSH,Nationals Park,2.9,5,4.5,0.0,Y,0.09173333333333333,0.2494,0.1803,0.2071,0.2972,100,1.0,75,14,5,78,4.0,4.0,0.92,2.9,5.0
2026-04-05,Foster Griffin,L,WSH,LAD,Nationals Park,1.3,6,3.5,0.0,Y,0.16633333333333333,0.3321,0.3333,0.2435,0.2887,100,1.0,75,14,5,86,5.0,5.0,0.92,1.3,5.0
2026-04-05,Chris Bassitt,R,BAL,PIT,PNC Park,5.5,0,4.5,0.0,N,0.10250000000000001,0.2725,0.2161,0.2456,0.3085,100,1.0,69,16,5,100,3.0,3.0,0.9451,5.5,2.0
2026-04-05,Braxton Ashcraft,R,PIT,BAL,PNC Park,3.7,8,5.5,0.0,Y,0.1145,0.2757333333333334,0.227,0.2467,0.3062,100,1.0,69,16,5,87,3.0,3.0,0.9652,3.7,6.0
2026-04-05,Walker Buehler,R,SD,BOS,Fenway Park,4.5,4,3.5,0.0,Y,0.08351666666666667,0.2552833333333333,0.1625,0.2619,0.3149,100,1.0,40,13,5,72,3.0,3.0,0.9814,4.5,2.2
2026-04-05,Ranger Suarez,L,BOS,SD,Fenway Park,6.5,2,4.5,0.0,N,0.09231666666666667,0.26395,0.2244,0.2529,0.3203,100,1.0,40,13,5,76,3.0,3.0,0.9601,6.5,4.0
2026-04-05,Max Fried,L,NYY,MIA,Yankee Stadium,5.6,4,5.5,0.0,N,0.10373333333333334,0.28070000000000006,0.2291,0.204,0.3046,100,1.0,42,9,4,90,5.0,5.0,0.92,5.6,6.2
2026-04-05,Nick Martinez,R,TB,MIN,Target Field,4.1,4,,0.0,N/A,0.08408333333333334,0.2591666666666667,0.1641,0.2229,0.3092,100,1.0,32,18,5,88,3.0,3.0,0.966,4.1,6.0
2026-04-05,Simeon Woods Richardson,R,MIN,TB,Target Field,4.2,4,,0.0,N/A,0.09871666666666667,0.24981666666666666,0.2129,0.2051,0.2974,100,1.0,32,18,5,83,2.0,2.0,0.92,4.2,6.2
2026-04-05,Eric Lauer,L,TOR,CWS,Rate Field,5.5,0,4.5,0.0,N,0.11173333333333334,0.28221666666666667,0.2629,0.2495,0.2682,100,1.0,72,5,6,87,9.0,9.0,1.065,5.5,2.0
2026-04-05,Davis Martin,R,CWS,TOR,Rate Field,4.4,6,3.5,0.0,Y,0.09185000000000001,0.2421,0.1898,0.2098,0.3269,100,1.0,72,5,5,92,6.0,6.0,0.92,4.4,6.0
2026-04-05,Kyle Harrison,L,MIL,KC,Kauffman Stadium,4.1,6,4.5,0.0,Y,0.13231666666666667,0.2899666666666667,0.2613,0.2174,0.2715,100,1.0,45,7,5,87,8.0,8.0,0.95,4.1,5.1
2026-04-05,Kris Bubic,L,KC,MIL,Kauffman Stadium,6.1,8,5.5,0.0,Y,0.13833333333333334,0.3086166666666667,0.2359,0.2347,0.3073,100,1.0,45,7,5,75,4.0,4.0,0.92,6.1,5.0
2026-04-05,Chase Burns,R,CIN,TEX,Globe Life Field,5.6,9,6.5,0.0,Y,0.16371666666666668,0.2960333333333333,0.35,0.2323,0.2803,100,1.0,72,0,5,78,7.0,7.0,0.9729,5.6,6.0
2026-04-05,Jack Leiter,R,TEX,CIN,Globe Life Field,5.2,9,6.5,0.0,Y,0.12638333333333335,0.2722833333333334,0.2426,0.2381,0.2676,100,1.0,72,0,5,92,8.0,8.0,0.92,5.2,5.0
2026-04-05,Taijuan Walker,R,PHI,COL,Coors Field,3.3,4,3.5,0.0,Y,0.07176666666666667,0.24201666666666666,0.1514,0.2352,0.3389,100,1.0,48,6,5,99,2.0,2.0,0.92,3.3,5.0
2026-04-05,Tomoyuki Sugano,R,COL,PHI,Coors Field,4.2,5,3.5,0.0,Y,0.08638333333333334,0.23965,0.1632,0.236,0.3155,100,1.0,48,6,5,73,4.0,4.0,0.92,4.2,6.0
2026-04-05,Lance McCullers Jr.,R,HOU,ATH,Sutter Health Park,4.8,4,6.5,0.0,N,0.10951666666666666,0.28881666666666667,0.2465,0.2599,0.3308,100,1.0,72,5,5,96,9.0,9.0,0.9606,4.8,4.0
2026-04-05,Jacob Lopez,L,ATH,HOU,Sutter Health Park,5.0,6,5.5,0.0,Y,0.10566666666666666,0.26763333333333333,0.2573,0.2375,0.31,100,1.0,72,5,5,91,0.0,0.0,0.9369,5.0,4.1
2026-04-05,Kodai Senga,R,NYM,SF,Oracle Park,4.1,7,,0.0,N/A,0.12746666666666667,0.2689166666666667,0.1967,0.1982,0.3191,100,1.0,64,7,4,92,9.0,9.0,0.9227,4.1,5.2
2026-04-05,Logan Webb,R,SF,NYM,Oracle Park,5.7,3,,0.0,N/A,0.10466666666666669,0.2904,0.2562,0.2004,0.288,100,1.0,64,7,4,104,6.0,6.0,0.92,5.7,7.0
2026-04-05,Luis Castillo,R,SEA,LAA,Angel Stadium,6.8,4,5.5,0.0,N,0.12481666666666666,0.25921666666666665,0.2188,0.2846,0.2694,100,1.0,69,5,5,95,7.0,7.0,1.0485,6.8,3.2
2026-04-05,George Klassen,R,LAA,SEA,Angel Stadium,,4,,,N/A,,,,,,,,,,,,,,,,2.2
2026-04-05,Martín Pérez,L,ATL,AZ,Chase Field,3.8,1,,0.0,N/A,0.08461666666666667,0.25733333333333336,0.1952,0.2025,0.2903,100,1.0,72,0,4,47,3.0,3.0,0.92,3.8,5.0
2026-04-05,Brandon Pfaadt,R,AZ,ATL,Chase Field,4.2,2,,0.0,N/A,0.0901,0.2579,0.1833,0.1982,0.3076,100,1.0,72,0,4,85,3.0,3.0,0.92,4.2,4.2
2026-04-05,Chris Paddack,R,MIA,NYY,Yankee Stadium,4.1,4,3.5,0.0,Y,0.10915,0.23175,0.1778,0.2498,0.2653,100,1.0,42,9,5,79,6.0,6.0,0.92,4.1,4.2
2026-04-06,Jameson Taillon,R,CHC,TB,Tropicana Field,,4,,,N/A,,,,,,,,,,,,,,,,6.0
2026-04-06,Shane McClanahan,R,TB,CHC,Tropicana Field,,5,,,N/A,,,,,,,,,,,,,,,,4.0
2026-04-06,Michael Wacha,R,KC,CLE,Progressive Field,,3,,,N/A,,,,,,,,,,,,,,,,7.0
2026-04-06,Tanner Bibee,R,CLE,KC,Progressive Field,,3,,,N/A,,,,,,,,,,,,,,,,4.2
2026-04-06,Germán Márquez,R,SD,PIT,PNC Park,,4,,,N/A,,,,,,,,,,,,,,,,5.0
2026-04-06,Bubba Chandler,R,PIT,SD,PNC Park,,4,,,N/A,,,,,,,,,,,,,,,,4.1
2026-04-06,Brandon Williamson,R,CIN,MIA,loanDepot park,,4,,,N/A,,,,,,,,,,,,,,,,6.2
2026-04-06,Janson Junk,R,MIA,CIN,loanDepot park,,3,,,N/A,,,,,,,,,,,,,,,,7.1
2026-04-06,Andre Pallante,R,STL,WSH,Nationals Park,,2,,,N/A,,,,,,,,,,,,,,,,5.0
2026-04-06,Zack Littell,R,WSH,STL,Nationals Park,,6,,,N/A,,,,,,,,,,,,,,,,5.0
2026-04-06,Brandon Woodruff,R,MIL,BOS,Fenway Park,,4,,,N/A,,,,,,,,,,,,,,,,5.2
2026-04-06,Brayan Bello,R,BOS,MIL,Fenway Park,,5,,,N/A,,,,,,,,,,,,,,,,3.1
2026-04-06,Justin Wrobleski,R,LAD,TOR,Rogers Centre,,2,,,N/A,,,,,,,,,,,,,,,,5.0
2026-04-06,Max Scherzer,R,TOR,LAD,Rogers Centre,,2,,,N/A,,,,,,,,,,,,,,,,2.0
2026-04-06,Casey Mize,R,DET,MIN,Target Field,,4,,,N/A,,,,,,,,,,,,,,,,4.1
2026-04-06,Joe Ryan,R,MIN,DET,Target Field,,7,,,N/A,,,,,,,,,,,,,,,,5.0
2026-04-06,Brandon Young,R,BAL,CWS,Rate Field,,2,,,N/A,,,,,,,,,,,,,,,,5.0
2026-04-06,Grant Taylor,R,CWS,BAL,Rate Field,,1,,,N/A,,,,,,,,,,,,,,,,1.0
2026-04-06,Logan Gilbert,R,SEA,TEX,Globe Life Field,,5,,,N/A,,,,,,,,,,,,,,,,6.0
2026-04-06,Jacob deGrom,R,TEX,SEA,Globe Life Field,,6,,,N/A,,,,,,,,,,,,,,,,5.0
2026-04-06,Cody Bolton,R,HOU,COL,Coors Field,,5,,,N/A,,,,,,,,,,,,,,,,4.1
2026-04-06,Ryan Feltner,R,COL,HOU,Coors Field,,1,,,N/A,,,,,,,,,,,,,,,,5.1
2026-04-06,Chris Sale,R,ATL,LAA,Angel Stadium,,7,,,N/A,,,,,,,,,,,,,,,,4.0
2026-04-06,José Soriano,R,LAA,ATL,Angel Stadium,,10,,,N/A,,,,,,,,,,,,,,,,8.0
2026-04-06,Andrew Painter,R,PHI,SF,Oracle Park,,1,,,N/A,,,,,,,,,,,,,,,,4.0
2026-04-06,Adrian Houser,R,SF,PHI,Oracle Park,,3,,,N/A,,,,,,,,,,,,,,,,6.0
2026-04-07,Noah Cameron,L,KC,CLE,Progressive Field,5.1,5,4.5,10.7,Y,0.1251,0.2787,0.2112,0.2144,0.2798,100,1.0,28,14,6,86,5.0,5.0,0.92,5.1,5.2
2026-04-07,Gavin Williams,R,CLE,KC,Progressive Field,7.4,8,5.5,34.9,Y,0.1265,0.2855,0.2787,0.2314,0.2932,100,1.0,28,14,6,85,8.5,8.5,0.92,7.4,5.2
2026-04-07,Trevor Rogers,L,BAL,CWS,Rate Field,5.2,6,4.5,4.5,Y,0.1352,0.2889,0.2177,0.2382,0.2656,100,1.0,72,5,6,91,4.0,4.0,1.0085,5.2,6.0
2026-04-07,Shane Smith,R,CWS,BAL,Rate Field,4.1,8,4.5,13.3,Y,0.1321,0.2819,0.2083,0.2525,0.3002,100,1.0,72,5,6,72,1.5,1.5,0.9447,4.1,3.2
2026-04-07,Zac Gallen,R,AZ,NYM,Citi Field,3.7,5,4.5,22.0,Y,0.1062,0.2872,0.1862,0.1963,0.2949,100,1.0,52,16,6,88,2.0,2.0,0.9248,3.7,5.0
2026-04-07,Freddy Peralta,R,NYM,AZ,Citi Field,7.1,5,5.5,23.7,N,0.1405,0.2881,0.2954,0.2252,0.3151,100,1.0,52,16,6,92,7.0,7.0,0.92,7.1,4.2
2026-04-07,Nick Pivetta,R,SD,PIT,PNC Park,6.5,8,,0.0,N/A,0.1166,0.2973,0.2776,0.2263,0.2956,100,1.0,33,14,6,82,6.0,6.0,0.92,6.5,5.0
2026-04-07,Paul Skenes,R,PIT,SD,PNC Park,5.4,6,,0.0,N/A,0.1491,0.304,0.2765,0.2211,0.2941,100,1.0,33,14,6,77,3.0,3.0,0.9488,5.4,6.1
2026-04-07,Javier Assad,R,CHC,TB,Tropicana Field,4.1,3,3.5,11.6,N,0.0758,0.2487,0.1503,0.1928,0.2938,100,1.0,72,0,5,0,0.0,0.0,1.0,4.1,5.2
2026-04-07,Mason Englert,R,TB,CHC,Tropicana Field,,2,,,N/A,,,,,,,,,,,,,,,,3.2
2026-04-07,Andrew Abbott,L,CIN,MIA,loanDepot park,4.9,2,5.5,1.3,N,0.1192,0.2813,0.2091,0.2012,0.3007,100,1.0,72,0,6,88,4.5,4.5,0.9336,4.9,5.1
2026-04-07,Sandy Alcantara,R,MIA,CIN,loanDepot park,5.5,6,5.5,-1.5,Y,0.103,0.2672,0.1981,0.2326,0.2695,100,1.0,72,0,6,93,6.0,6.0,0.9532,5.5,8.1
2026-04-07,Matthew Liberatore,L,STL,WSH,Nationals Park,3.6,6,4.5,14.3,Y,0.0962,0.2649,0.16,0.2362,0.3145,100,1.0,52,14,6,76,2.0,2.0,0.92,3.6,5.0
2026-04-07,Cade Cavalli,R,WSH,STL,Nationals Park,4.7,3,4.5,0.7,N,0.138,0.3038,0.1846,0.2238,0.2961,100,1.0,52,14,6,84,4.0,4.0,0.9203,4.7,4.2
2026-04-07,Jacob Misiorowski,R,MIL,BOS,Fenway Park,9.0,10,6.5,31.6,Y,0.1476,0.3039,0.3391,0.2567,0.3194,100,1.0,38,10,6,94,9.0,9.0,0.9605,9.0,5.1
2026-04-07,Garrett Crochet,L,BOS,MIL,Fenway Park,7.8,7,7.5,3.8,N,0.1517,0.305,0.3138,0.2497,0.3069,100,1.0,38,10,6,93,7.5,7.5,0.9365,7.8,6.1
2026-04-07,Aaron Civale,R,ATH,NYY,Yankee Stadium,4.5,6,4.5,-1.5,Y,0.099,0.274,0.1944,0.2463,0.254,100,1.0,51,16,7,87,3.0,3.0,0.9506,4.5,5.0
2026-04-07,Cam Schlittler,R,NYY,ATH,Yankee Stadium,7.8,7,6.5,22.6,Y,0.1309,0.2873,0.3034,0.2554,0.3149,100,1.0,51,16,6,79,7.5,7.5,0.9571,7.8,5.0
2026-04-07,Yoshinobu Yamamoto,R,LAD,TOR,Rogers Centre,5.4,6,5.5,2.7,Y,0.135,0.3084,0.264,0.2122,0.327,100,1.0,72,0,6,87,4.0,4.0,0.92,5.4,6.0
2026-04-07,Kevin Gausman,R,TOR,LAD,Rogers Centre,8.2,5,5.5,25.6,N,0.1359,0.2933,0.314,0.2125,0.2643,100,1.0,72,0,6,89,10.5,10.5,0.92,8.2,5.1
2026-04-07,Tarik Skubal,L,DET,MIN,Target Field,6.2,7,7.5,31.5,N,0.1783,0.3335,0.2848,0.2432,0.2645,100,1.0,29,12,6,87,4.5,4.5,0.958,6.2,4.2
2026-04-07,Taj Bradley,R,MIN,DET,Target Field,5.8,10,5.5,-2.7,Y,0.1139,0.2583,0.2282,0.2433,0.2741,100,1.0,29,12,5,100,6.0,6.0,0.9201,5.8,6.1
2026-04-07,George Kirby,R,SEA,TEX,Globe Life Field,6.6,4,5.5,16.0,N,0.1308,0.2923,0.2606,0.2339,0.2978,100,1.0,72,0,6,89,6.0,6.0,0.9882,6.6,8.0
2026-04-07,Nathan Eovaldi,R,TEX,SEA,Globe Life Field,6.7,7,5.5,14.2,Y,0.1403,0.3025,0.2619,0.2806,0.3132,100,1.0,72,0,6,88,6.0,6.0,0.92,6.7,6.0
2026-04-07,Mike Burrows,R,HOU,COL,Coors Field,6.3,3,4.5,26.1,N,0.131,0.299,0.2387,0.2313,0.3389,100,1.0,38,3,6,84,6.0,6.0,0.9493,6.3,5.1
2026-04-07,Kyle Freeland,L,COL,HOU,Coors Field,4.5,5,3.5,13.1,Y,0.1072,0.2739,0.1778,0.2382,0.2937,100,1.0,38,3,6,88,4.0,4.0,0.92,4.5,6.1
2026-04-07,Reynaldo López,R,ATL,LAA,Angel Stadium,3.2,7,,0.0,N/A,0.0319,0.2128,0.0656,0.2763,0.2758,100,1.0,57,5,5,80,3.0,3.0,1.0611,3.2,4.2
2026-04-07,Yusei Kikuchi,L,LAA,ATL,Angel Stadium,4.6,8,,0.0,N/A,0.1129,0.2673,0.2066,0.1884,0.2915,100,1.0,57,5,6,91,4.0,4.0,0.92,4.6,5.0
2026-04-07,Cristopher Sánchez,L,PHI,SF,Oracle Park,7.4,6,6.5,22.8,N,0.1484,0.3234,0.2937,0.2216,0.2827,100,1.0,52,10,6,97,8.5,8.5,0.92,7.4,5.0
2026-04-07,Robbie Ray,L,SF,PHI,Oracle Park,5.9,7,6.5,6.6,Y,0.1367,0.2809,0.2489,0.2159,0.2935,100,1.0,52,10,5,96,5.5,5.5,0.9906,5.9,6.2
2026-04-08,Michael King,R,SD,PIT,PNC Park,5.3,4,5.5,15.8,N,0.12983333333333336,0.2884,0.231,0.2302,0.3008,100,1.0,44,6,5,81,5.5,5.5,0.9218,5.3,6.0
2026-04-08,Mitch Keller,R,PIT,SD,PNC Park,,4,,,N/A,,,,,,,,,,,,,,,,6.0
2026-04-08,Cole Ragans,L,KC,CLE,Progressive Field,6.8,2,6.5,-8.6,N,0.16833333333333336,0.32920000000000005,0.35,0.2144,0.2877,100,1.0,39,8,6,89,6.5,6.5,0.92,6.8,0.2
2026-04-08,Joey Cantillo,R,CLE,KC,Progressive Field,,9,,,N/A,,,,,,,,,,,,,,,,5.2
2026-04-08,Shane Drohan,R,MIL,BOS,Fenway Park,6.1,2,,0.0,N/A,0.115,0.27,0.224,0.2635,0.3162,100,1.0,36,4,5,0,0.0,0.0,1.0,6.1,2.2
2026-04-08,Sonny Gray,R,BOS,MIL,Fenway Park,5.1,2,5.5,17.0,N,0.1126,0.29550000000000004,0.2419,0.2124,0.2791,100,1.0,36,4,5,87,4.0,4.0,0.92,5.1,6.1
2026-04-08,Kyle Bradish,R,BAL,CWS,Rate Field,,7,,,N/A,,,,,,,,,,,,,,,,5.0
2026-04-08,Sean Burke,R,CWS,BAL,Rate Field,5.6,3,5.5,-18.7,N,0.11626666666666668,0.2680666666666667,0.2376,0.2599,0.3007,100,1.0,72,5,5,85,6.0,6.0,0.9685,5.6,5.0
2026-04-08,Bryan Woo,R,SEA,TEX,Globe Life Field,,2,,,N/A,,,,,,,,,,,,,,,,5.0
2026-04-08,MacKenzie Gore,R,TEX,SEA,Globe Life Field,,9,,,N/A,,,,,,,,,,,,,,,,5.0
2026-04-08,Shohei Ohtani,R,LAD,TOR,Rogers Centre,5.3,2,5.5,20.2,N,0.1560666666666667,0.32530000000000003,0.3202,0.2162,0.3283,100,1.0,72,0,8,87,6.0,6.0,0.92,5.3,6.0
2026-04-08,Dylan Cease,R,TOR,LAD,Rogers Centre,6.5,8,6.5,-20.9,Y,0.18233333333333335,0.3099333333333334,0.3266,0.2156,0.2697,100,1.0,72,0,5,93,9.0,9.0,0.92,6.5,5.0
2026-04-08,Cristian Javier,R,HOU,COL,Coors Field,,1,,,N/A,,,,,,,,,,,,,,,,1.0
2026-04-08,Michael Lorenzen,R,COL,HOU,Coors Field,,4,,,N/A,,,,,,,,,,,,,,,,5.2
2026-04-08,Aaron Nola,R,PHI,SF,Oracle Park,,3,,,N/A,,,,,,,,,,,,,,,,6.0
2026-04-08,Tyler Mahle,R,SF,PHI,Oracle Park,,6,,,N/A,,,,,,,,,,,,,,,,5.2
2026-04-08,Michael McGreevy,R,STL,WSH,Nationals Park,3.9,1,3.5,-9.4,N,0.0801,0.25460000000000005,0.164,0.215,0.2944,100,1.0,45,6,5,75,4.5,4.5,0.92,3.9,6.0
2026-04-08,Miles Mikolas,R,WSH,STL,Nationals Park,3.7,3,3.5,-16.2,N,0.08153333333333333,0.2562,0.1526,0.2182,0.2932,100,1.0,45,6,5,87,4.0,4.0,0.92,3.7,3.0
2026-04-08,Grant Holmes,R,ATL,LAA,Angel Stadium,,6,,,N/A,,,,,,,,,,,,,,,,6.2
2026-04-08,Reid Detmers,R,LAA,ATL,Angel Stadium,,4,,,N/A,,,,,,,,,,,,,,,,4.1
2026-04-08,Ryne Nelson,R,AZ,NYM,Citi Field,4.0,5,4.5,18.6,Y,0.11330000000000001,0.25243333333333334,0.2036,0.1952,0.2963,100,1.0,39,10,6,80,3.5,3.5,0.92,4.0,5.2
2026-04-08,David Peterson,L,NYM,AZ,Citi Field,4.2,6,4.5,4.7,Y,0.1115,0.29273333333333335,0.1945,0.1919,0.2979,100,1.0,39,10,6,68,4.0,4.0,0.9232,4.2,5.0
2026-04-08,Colin Rea,R,CHC,TB,Tropicana Field,4.1,2,3.5,0.3,N,0.123,0.2925333333333333,0.2106,0.1918,0.2934,100,1.0,72,0,5,57,4.0,4.0,0.92,4.1,5.0
2026-04-08,Joe Boyle,R,TB,CHC,Tropicana Field,,3,,,N/A,,,,,,,,,,,,,,,,4.1
2026-04-08,Brady Singer,R,CIN,MIA,loanDepot park,,3,,,N/A,,,,,,,,,,,,,,,,2.2
2026-04-08,Eury Pérez,R,MIA,CIN,loanDepot park,5.4,6,6.5,19.4,N,0.14716666666666667,0.2717333333333334,0.2668,0.2309,0.2715,100,1.0,72,0,5,85,6.0,6.0,0.9298,5.4,5.0
2026-04-08,Luis Severino,R,ATH,NYY,Yankee Stadium,4.7,7,4.5,-13.2,Y,0.09943333333333335,0.24406666666666668,0.1967,0.2429,0.2568,100,1.0,39,9,7,91,5.0,5.0,0.92,4.7,5.0
2026-04-08,Will Warren,R,NYY,ATH,Yankee Stadium,6.1,5,5.5,-4.4,N,0.10520000000000002,0.29263333333333336,0.2343,0.2589,0.311,100,1.0,39,9,5,77,4.5,4.5,0.984,6.1,4.2
2026-04-08,Framber Valdez,L,DET,MIN,Target Field,5.7,2,5.5,-10.6,N,0.11563333333333334,0.2850666666666667,0.2245,0.2467,0.2727,100,1.0,46,11,5,91,5.0,5.0,1.0006,5.7,5.0
2026-04-08,Bailey Ober,R,MIN,DET,Target Field,,2,,,N/A,,,,,,,,,,,,,,,,5.2
2026-04-09,Rhett Lowder,R,CIN,MIA,loanDepot park,4.6,2,4.5,-4.7,N,0.11436666666666667,0.2812,0.2201,0.2282,0.2619,100,1.0,72,0,5,82,4.5,4.5,0.92,4.6,5.1
2026-04-09,Max Meyer,R,MIA,CIN,loanDepot park,5.4,4,5.5,13.4,N,0.13556666666666667,0.3071666666666667,0.2417,0.2362,0.2738,100,1.0,72,0,5,89,5.5,5.5,0.92,5.4,5.0
2026-04-09,Jeffrey Springs,R,ATH,NYY,Yankee Stadium,,6,,,N/A,,,,,,,,,,,,,,,,7.0
2026-04-09,Ryan Weathers,L,NYY,ATH,Yankee Stadium,5.6,7,5.5,-15.5,Y,0.13386666666666666,0.2972666666666667,0.2389,0.2455,0.3224,100,1.0,44,9,5,88,5.5,5.5,0.9601,5.6,8.0
2026-04-09,Jack Flaherty,R,DET,MIN,Target Field,5.7,6,5.5,-18.1,Y,0.11299999999999999,0.28226666666666667,0.2523,0.2228,0.2978,100,1.0,38,17,5,86,4.0,4.0,0.92,5.7,5.2
2026-04-09,Mick Abel,R,MIN,DET,Target Field,4.3,6,4.5,14.8,Y,0.12766666666666668,0.27116666666666667,0.2092,0.2429,0.272,100,1.0,38,17,5,84,3.5,3.5,0.92,4.3,6.0
2026-04-09,Eduardo Rodriguez,R,AZ,NYM,Citi Field,,3,,,N/A,,,,,,,,,,,,,,,,6.0
2026-04-09,Nolan McLean,R,NYM,AZ,Citi Field,,8,,,N/A,,,,,,,,,,,,,,,,6.1
2026-04-09,Anthony Kay,L,CWS,KC,Kauffman Stadium,4.3,6,3.5,7.4,Y,0.10046666666666668,0.2593666666666667,0.1992,0.2349,0.2769,100,1.0,64,9,5,76,2.5,2.5,0.92,4.3,5.2
2026-04-09,Seth Lugo,R,KC,CWS,Kauffman Stadium,5.4,4,4.5,-5.6,N,0.09513333333333333,0.2819666666666667,0.2075,0.2571,0.2829,100,1.0,64,9,5,103,5.0,5.0,0.9577,5.4,6.1
2026-04-09,Jimmy Herget,R,COL,SD,Petco Park,,0,,,N/A,,,,,,,,,,,,,,,,1.0
2026-04-09,Randy Vásquez,R,SD,COL,Petco Park,,8,,,N/A,,,,,,,,,,,,,,,,5.2
2026-04-10,Carmen Mlodzinski,R,PIT,CHC,Wrigley Field,3.8,2,0.09756666666666669,0.2759666666666667,0.2477,0.2143,0.2908,100,1.0,42,6,6,84,6.5,6.5,1.0,3.8,5.1
2026-04-10,Shota Imanaga,L,CHC,PIT,Wrigley Field,4.9,9,0.12340000000000001,0.2639666666666667,0.2221,0.2213,0.2943,100,1.0,42,6,5,92,5.5,5.5,1.0,4.9,6.0
2026-04-10,Michael Soroka,R,AZ,PHI,Citizens Bank Park,4.6,10,0.096,0.2894,0.2462,0.2188,0.3071,100,1.0,60,8,6,91,6.5,6.5,1.0,4.6,5.2
2026-04-10,Jesús Luzardo,L,PHI,AZ,Citizens Bank Park,6.7,8,0.15396666666666667,0.3218333333333333,0.3059,0.2123,0.3042,100,1.0,60,8,6,99,9.0,9.0,1.0,6.7,4.2
2026-04-10,Chris Paddack,R,MIA,DET,Comerica Park,4.5,4,0.1139,0.24913333333333335,0.1842,0.2294,0.2831,100,1.0,44,8,5,88,5.0,5.0,1.0,4.5,6.0
2026-04-10,Keider Montero,R,DET,MIA,Comerica Park,3.0,7,0.08141666666666668,0.2662,0.1836,0.2197,0.2871,100,1.0,44,8,5,63,3.0,3.0,1.0,3.0,6.0
2026-04-10,Jack Kochanowicz,R,LAA,CIN,Great American Ball Park,4.8,2,0.10103333333333334,0.2569666666666667,0.1623,0.229,0.2922,100,1.0,59,7,6,86,5.0,5.0,1.0,4.8,7.0
2026-04-10,Chase Burns,R,CIN,LAA,Great American Ball Park,5.9,2,0.17806666666666668,0.3118666666666667,0.35,0.2461,0.292,100,1.0,59,7,5,87,8.0,8.0,1.0,5.9,5.1
2026-04-10,Simeon Woods Richardson,R,MIN,TOR,Rogers Centre,4.4,2,0.09273333333333333,0.24730000000000002,0.1981,0.2185,0.3075,100,1.0,72,0,5,88,3.0,3.0,1.0,4.4,4.0
2026-04-10,Patrick Corbin,R,TOR,MIN,Rogers Centre,4.6,3,0.115,0.276,0.197,0.2257,0.2934,100,1.0,72,0,5,0,0.0,0.0,1.0,4.6,4.0
2026-04-10,J.T. Ginn,R,ATH,NYM,Citi Field,3.9,4,0.1119,0.27154999999999996,0.2318,0.2184,0.3021,100,1.0,53,7,5,27,1.33,1.33,1.0,3.9,4.0
2026-04-10,Clay Holmes,R,NYM,ATH,Citi Field,4.4,3,0.09770000000000001,0.28436666666666666,0.2123,0.2356,0.3057,100,1.0,53,7,6,90,4.5,4.5,1.0,4.4,5.1
2026-04-10,Luis Gil,R,NYY,TB,Tropicana Field,3.8,2,0.087,0.259,0.1673,0.204,0.3007,100,1.0,72,0,5,0,0.0,0.0,1.0,3.8,4.0
2026-04-10,Steven Matz,L,TB,NYY,Tropicana Field,2.9,7,0.08823333333333333,0.2769666666666667,0.2019,0.2267,0.2987,100,1.0,72,0,6,97,5.0,5.0,1.0,2.9,5.0
2026-04-10,Landen Roupp,R,SF,BAL,Oriole Park at Camden Yards,4.5,4,0.10723333333333335,0.28259999999999996,0.24,0.2323,0.2974,100,1.0,61,6,6,95,7.0,7.0,1.0,4.5,6.0
2026-04-10,Shane Baz,R,BAL,SF,Oriole Park at Camden Yards,5.0,4,0.12090000000000002,0.28436666666666666,0.2162,0.2205,0.2964,100,1.0,61,6,6,98,4.5,4.5,1.0,5.0,5.0
2026-04-10,Slade Cecconi,R,CLE,ATL,Truist Park,5.6,3,0.10826666666666668,0.28126666666666666,0.2121,0.2179,0.3078,100,1.0,58,2,5,85,5.5,5.5,1.0,5.6,5.1
2026-04-10,Bryce Elder,R,ATL,CLE,Truist Park,5.0,3,0.10270000000000001,0.2669666666666667,0.2165,0.2113,0.2841,100,1.0,58,2,6,89,6.5,6.5,1.0,5.0,4.2
2026-04-10,Davis Martin,R,CWS,KC,Kauffman Stadium,5.0,3,0.09156666666666667,0.25016666666666665,0.1971,0.2234,0.2932,100,1.0,53,7,5,85,6.0,6.0,1.0,5.0,7.0
2026-04-10,Kris Bubic,L,KC,CWS,Kauffman Stadium,6.3,11,0.14780000000000001,0.3117666666666667,0.2507,0.2292,0.292,100,1.0,53,7,5,96,6.0,6.0,1.0,6.3,7.0
2026-04-10,Jake Irvin,R,WSH,MIL,American Family Field,4.1,5,0.09626666666666667,0.2742,0.1835,0.214,0.2913,100,1.0,72,0,6,85,5.5,5.5,1.0,4.1,5.0
2026-04-10,Aaron Ashby,R,MIL,WSH,American Family Field,,4,,,,,,,,,,,,,,,,2.1
2026-04-10,Connelly Early,L,BOS,STL,Busch Stadium,6.2,5,0.13993333333333335,0.28113333333333335,0.3378,0.2137,0.2875,100,1.0,56,9,6,88,5.0,5.0,1.0,6.2,4.1
2026-04-10,Dustin May,R,STL,BOS,Busch Stadium,4.3,4,0.07543333333333334,0.25830000000000003,0.2004,0.2349,0.3089,100,1.0,56,9,6,79,3.5,3.5,1.0,4.3,6.0
2026-04-10,Tomoyuki Sugano,R,COL,SD,Petco Park,,3,,,,,,,,,,,,,,,,6.0
2026-04-10,Walker Buehler,R,SD,COL,Petco Park,,4,,,,,,,,,,,,,,,,6.0
2026-04-10,Tatsuya Imai,R,HOU,SEA,T-Mobile Park,,0,,,,,,,,,,,,,,,,0.1
2026-04-10,Emerson Hancock,R,SEA,HOU,T-Mobile Park,,5,,,,,,,,,,,,,,,,5.0
2026-04-10,Kumar Rocker,R,TEX,LAD,UNIQLO Field at Dodger Stadium,,5,,,,,,,,,,,,,,,,5.0
2026-04-10,Tyler Glasnow,R,LAD,TEX,UNIQLO Field at Dodger Stadium,,7,,,,,,,,,,,,,,,,6.0
2026-04-11,Brandon Pfaadt,R,AZ,PHI,Citizens Bank Park,4.1,6,0.1082,0.2665,0.1688,0.224,0.3,100,1.0,64,2,5,0,0.0,0.0,1.0,4.1,6.0
2026-04-11,Taijuan Walker,R,PHI,AZ,Citizens Bank Park,3.0,6,0.08393333333333333,0.25196666666666667,0.1449,0.224,0.3,100,1.0,64,2,6,87,3.0,3.0,1.0,3.0,5.0
2026-04-11,Janson Junk,R,MIA,DET,Comerica Park,3.9,4,0.10390000000000002,0.2609666666666667,0.1704,0.224,0.3,100,1.0,52,10,5,87,4.0,4.0,1.0,3.9,5.0
2026-04-11,Casey Mize,R,DET,MIA,Comerica Park,5.1,5,0.12110000000000001,0.2840666666666667,0.2381,0.224,0.3,100,1.0,52,10,5,90,6.5,6.5,1.0,5.1,5.2
2026-04-11,Braxton Ashcraft,R,PIT,CHC,Wrigley Field,3.8,9,0.1199,0.2853,0.2414,0.224,0.3,100,1.0,50,7,6,87,5.5,5.5,1.0,3.8,5.0
2026-04-11,Edward Cabrera,R,CHC,PIT,Wrigley Field,5.3,4,0.13526666666666667,0.2955666666666667,0.2477,0.224,0.3,100,1.0,50,7,6,97,4.5,4.5,1.0,5.3,5.0
2026-04-11,Joe Ryan,R,MIN,TOR,Rogers Centre,5.5,5,0.115,0.27,0.2786,0.224,0.3,100,1.0,72,0,5,0,0.0,0.0,1.0,5.5,7.0
2026-04-11,Eric Lauer,L,TOR,MIN,Rogers Centre,4.4,3,0.12556666666666666,0.2851666666666667,0.2478,0.224,0.3,100,1.0,72,0,6,49,4.5,4.5,1.0,4.4,5.1
2026-04-11,George Klassen,R,LAA,CIN,Great American Ball Park,,2,,,,,,,,,,,,,,,,2.0
2026-04-11,Brandon Williamson,R,CIN,LAA,Great American Ball Park,,3,,,,,,,,,,,,,,,,4.0
2026-04-11,Jacob Lopez,R,ATH,NYM,Citi Field,,5,,,,,,,,,,,,,,,,5.0
2026-04-11,Kodai Senga,R,NYM,ATH,Citi Field,,3,,,,,,,,,,,,,,,,2.1
2026-04-11,Erick Fedde,R,CWS,KC,Kauffman Stadium,3.2,4,0.08346666666666668,0.24780000000000002,0.1457,0.224,0.3,100,1.0,77,18,5,86,4.0,4.0,1.0,3.2,5.0
2026-04-11,Michael Wacha,R,KC,CWS,Kauffman Stadium,4.3,7,0.11313333333333334,0.2762,0.1875,0.224,0.3,100,1.0,77,18,5,102,5.0,5.0,1.0,4.3,8.0
2026-04-11,Max Fried,R,NYY,TB,Tropicana Field,,6,,,,,,,,,,,,,,,,8.0
2026-04-11,Nick Martinez,R,TB,NYY,Tropicana Field,,4,,,,,,,,,,,,,,,,4.2
2026-04-11,Foster Griffin,L,WSH,MIL,American Family Field,4.8,1,0.11330000000000001,0.2606,0.2324,0.224,0.3,100,1.0,72,0,6,96,5.5,5.5,1.0,4.8,5.1
2026-04-11,Kyle Harrison,L,MIL,WSH,American Family Field,4.4,1,0.1338,0.2939,0.2685,0.224,0.3,100,1.0,72,0,6,90,7.0,7.0,1.0,4.4,4.1
2026-04-11,Logan Webb,R,SF,BAL,Oriole Park at Camden Yards,4.8,6,0.1089,0.26445,0.2309,0.224,0.3,100,1.0,66,7,6,92,5.0,5.0,1.0,4.8,6.0
2026-04-11,Chris Bassitt,R,BAL,SF,Oriole Park at Camden Yards,4.3,2,0.10663333333333333,0.2734666666666667,0.1877,0.224,0.3,100,1.0,66,7,6,62,1.5,1.5,1.0,4.3,4.2
2026-04-11,Ranger Suarez,R,BOS,STL,Busch Stadium,4.8,6,0.1053,0.2821,0.2075,0.224,0.3,100,1.0,71,7,5,0,0.0,0.0,1.0,4.8,6.0
2026-04-11,Kyle Leahy,R,STL,BOS,Busch Stadium,2.6,2,0.1067,0.2553666666666667,0.1879,0.224,0.3,100,1.0,71,7,6,97,2.5,2.5,1.0,2.6,4.0
2026-04-11,Parker Messick,L,CLE,ATL,Truist Park,5.5,5,0.1259,0.30913333333333337,0.2415,0.224,0.3,100,1.0,81,1,6,91,5.5,5.5,1.0,5.5,6.2
2026-04-11,Martín Pérez,L,ATL,CLE,Truist Park,3.9,2,0.08633333333333335,0.2675666666666667,0.1757,0.224,0.3,100,1.0,81,1,6,75,2.0,2.0,1.0,3.9,5.0
2026-04-11,Ryan Feltner,R,COL,SD,Petco Park,3.8,4,0.1082,0.23576666666666668,0.1756,0.224,0.3,100,1.0,71,14,5,70,2.5,2.5,1.0,3.8,4.0
2026-04-11,Germán Márquez,R,SD,COL,Petco Park,3.5,5,0.115,0.27,0.1373,0.224,0.3,100,1.0,71,14,5,0,0.0,0.0,1.0,3.5,5.0
2026-04-11,Jack Leiter,R,TEX,LAD,UNIQLO Field at Dodger Stadium,5.6,4,0.1501,0.3080666666666667,0.2702,0.224,0.3,100,1.0,72,5,6,85,8.5,8.5,1.0,5.6,3.2
2026-04-11,Emmet Sheehan,R,LAD,TEX,UNIQLO Field at Dodger Stadium,5.5,6,0.11513333333333334,0.27340000000000003,0.2742,0.224,0.3,100,1.0,72,5,8,99,4.0,4.0,1.0,5.5,6.0
2026-04-11,Lance McCullers Jr.,R,HOU,SEA,T-Mobile Park,5.1,4,0.115,0.27,0.2451,0.224,0.3,100,1.0,72,0,5,0,0.0,0.0,1.0,5.1,4.1
2026-04-11,Luis Castillo,R,SEA,HOU,T-Mobile Park,5.0,3,0.1262,0.2624,0.2292,0.224,0.3,100,1.0,72,0,5,0,0.0,0.0,1.0,5.0,3.1
2026-04-12,Adrian Houser,R,SF,BAL,Oriole Park at Camden Yards,3.6,3,0.09423333333333334,0.2442,0.1553,0.2353,0.2941,100,1.0,72,5,6,89,3.5,3.5,1.0,3.6,4.2
2026-04-12,Cade Povich,L,BAL,SF,Oriole Park at Camden Yards,4.5,5,0.10706666666666668,0.2834,0.1947,0.2285,0.3031,100,1.0,72,5,7,87,2.0,2.0,1.0,4.5,6.2
2026-04-12,Zac Gallen,R,AZ,PHI,Citizens Bank Park,4.3,2,0.09555,0.26715,0.1781,0.2274,0.3112,100,1.0,72,5,5,95,3.0,3.0,1.0,4.3,5.0
2026-04-12,Zach Pop,R,PHI,AZ,Citizens Bank Park,1.8,1,0.0753,0.2688,0.1173,0.2191,0.3014,100,1.0,72,5,4,5,1.0,1.0,1.0,1.8,2.0
2026-04-12,Taj Bradley,R,MIN,TOR,Rogers Centre,5.2,7,0.1245,0.2778,0.2661,0.2102,0.3197,100,1.0,72,0,5,104,7.33,7.33,1.0,5.2,5.0
2026-04-12,Max Scherzer,R,TOR,MIN,Rogers Centre,4.4,3,0.11213333333333333,0.2633666666666667,0.2165,0.2246,0.2967,100,1.0,72,0,6,36,3.0,3.0,1.0,4.4,2.1
2026-04-12,José Soriano,R,LAA,CIN,Great American Ball Park,5.5,10,0.13815,0.31835,0.2564,0.2275,0.2921,100,1.0,72,5,6,97,7.0,7.0,1.0,5.5,7.0
2026-04-12,Andrew Abbott,L,CIN,LAA,Great American Ball Park,4.3,1,0.10350000000000001,0.2704,0.1823,0.2312,0.3044,100,1.0,72,5,5,91,3.67,3.67,1.0,4.3,3.0
2026-04-12,Aaron Civale,R,ATH,NYM,Citi Field,4.3,3,0.09646666666666667,0.276,0.2069,0.2149,0.3041,100,1.0,72,5,5,88,4.5,4.5,1.0,4.3,5.2
2026-04-12,Freddy Peralta,R,NYM,ATH,Citi Field,6.2,6,0.15085,0.30705000000000005,0.2898,0.2376,0.2999,100,1.0,72,5,5,101,6.33,6.33,1.0,6.2,6.0
2026-04-12,Sandy Alcantara,R,MIA,DET,Comerica Park,4.6,4,0.1243,0.29835,0.2016,0.2278,0.2834,100,1.0,72,5,5,95,6.0,6.0,1.0,4.6,6.0
2026-04-12,Tarik Skubal,L,DET,MIA,Comerica Park,6.1,7,0.1592,0.31655,0.2693,0.2133,0.2994,100,1.0,72,5,5,96,5.33,5.33,1.0,6.1,6.2
2026-04-12,Cam Schlittler,R,NYY,TB,Tropicana Field,6.2,8,0.1538,0.3139,0.326,0.2055,0.2951,100,1.0,72,0,5,84,7.33,7.33,1.0,6.2,5.0
2026-04-12,Drew Rasmussen,R,TB,NYY,Tropicana Field,4.5,7,0.11103333333333333,0.2853,0.2294,0.2331,0.2837,100,1.0,72,0,11,89,5.0,5.0,1.0,4.5,6.0
2026-04-12,Grant Taylor,R,CWS,KC,Kauffman Stadium,,2,,,,,,,,,,,,,,,,2.0
2026-04-12,Noah Cameron,R,KC,CWS,Kauffman Stadium,,4,,,,,,,,,,,,,,,,5.1
2026-04-12,Zack Littell,R,WSH,MIL,American Family Field,3.9,3,0.10466666666666669,0.26783333333333337,0.1645,0.2158,0.2871,100,1.0,72,0,6,70,3.5,3.5,1.0,3.9,5.0
2026-04-12,Brandon Woodruff,R,MIL,WSH,American Family Field,5.4,6,0.13133333333333333,0.30343333333333333,0.2746,0.2174,0.2983,100,1.0,72,0,6,94,5.0,5.0,1.0,5.4,6.0
2026-04-12,Brayan Bello,R,BOS,STL,Busch Stadium,4.4,2,0.12866666666666665,0.2783333333333333,0.1675,0.2154,0.2915,100,1.0,72,5,6,86,3.5,3.5,1.0,4.4,6.2
2026-04-12,Andre Pallante,R,STL,BOS,Busch Stadium,3.4,2,0.09836666666666667,0.25303333333333333,0.1387,0.2364,0.3069,100,1.0,72,5,6,88,2.5,2.5,1.0,3.4,5.0
2026-04-12,Bubba Chandler,R,PIT,CHC,Wrigley Field,4.7,4,0.1459,0.29336666666666666,0.25,0.2139,0.2919,100,1.0,72,5,6,83,5.0,5.0,1.0,4.7,5.1
2026-04-12,Jameson Taillon,R,CHC,PIT,Wrigley Field,4.3,10,0.10550000000000001,0.29183333333333333,0.1744,0.223,0.2962,100,1.0,72,5,6,83,3.5,3.5,1.0,4.3,6.0
2026-04-12,Kyle Freeland,R,COL,SD,Petco Park,,0,,,,,,,,,,,,,,,,0.0
2026-04-12,Nick Pivetta,R,SD,COL,Petco Park,,4,,,,,,,,,,,,,,,,3.0
2026-04-12,Cody Bolton,R,HOU,SEA,T-Mobile Park,,1,,,,,,,,,,,,,,,,1.0
2026-04-12,Logan Gilbert,R,SEA,HOU,T-Mobile Park,,7,,,,,,,,,,,,,,,,7.0
2026-04-12,Jacob deGrom,R,TEX,LAD,UNIQLO Field at Dodger Stadium,,9,,,,,,,,,,,,,,,,6.0
2026-04-12,Roki Sasaki,R,LAD,TEX,UNIQLO Field at Dodger Stadium,,6,,,,,,,,,,,,,,,,4.0
2026-04-12,Tanner Bibee,R,CLE,ATL,Truist Park,5.2,4,0.1219,0.3006,0.2259,0.2172,0.3023,100,1.0,72,5,6,87,4.67,4.67,1.0,5.2,4.2
2026-04-12,Chris Sale,L,ATL,CLE,Truist Park,6.5,6,0.1346,0.31645,0.2867,0.2169,0.3041,100,1.0,72,5,6,77,5.33,5.33,1.0,6.5,6.0
2026-04-13,Mike Burrows,R,HOU,SEA,T-Mobile Park,4.3,3,0.124,0.291,0.2203,0.2347,0.3061,100,1.0,72,0,6,87,5.0,5.0,1.0,4.3,6.0
2026-04-13,George Kirby,R,SEA,HOU,T-Mobile Park,,6,,,,,,,,,,,,,,,,7.2
2026-04-13,Ryne Nelson,R,AZ,BAL,Oriole Park at Camden Yards,,7,,,,,,,,,,,,,,,,5.1
2026-04-13,Dean Kremer,R,BAL,AZ,Oriole Park at Camden Yards,,9,,,,,,,,,,,,,,,,5.0
2026-04-13,Cade Cavalli,R,WSH,PIT,PNC Park,,2,,,,,,,,,,,,,,,,1.1
2026-04-13,Paul Skenes,R,PIT,WSH,PNC Park,,6,,,,,,,,,,,,,,,,6.0
2026-04-13,Javier Assad,R,CHC,PHI,Citizens Bank Park,,3,,,,,,,,,,,,,,,,4.1
2026-04-13,Cristopher Sánchez,R,PHI,CHC,Citizens Bank Park,,8,,,,,,,,,,,,,,,,6.0
2026-04-13,Yusei Kikuchi,L,LAA,NYY,Yankee Stadium,5.2,3,0.12945,0.2833,0.2258,0.2291,0.3049,100,1.0,72,5,6,97,5.33,5.33,1.0,5.2,3.1
2026-04-13,Will Warren,R,NYY,LAA,Yankee Stadium,4.8,6,0.0993,0.2864,0.2296,0.244,0.2866,100,1.0,72,5,5,85,4.67,4.67,1.0,4.8,3.2
2026-04-13,Eury Pérez,R,MIA,ATL,Truist Park,5.2,2,0.1498,0.27615,0.2617,0.2155,0.306,100,1.0,72,5,5,95,6.0,6.0,1.0,5.2,4.0
2026-04-13,Grant Holmes,R,ATL,MIA,Truist Park,,3,,,,,,,,,,,,,,,,4.0
2026-04-13,Garrett Crochet,L,BOS,MIN,Target Field,6.2,0,0.13835,0.28285,0.3037,0.2216,0.288,100,1.0,72,5,6,107,7.33,7.33,1.0,6.2,1.2
2026-04-13,Bailey Ober,R,MIN,BOS,Target Field,,7,,,,,,,,,,,,,,,,6.0
2026-04-13,Gavin Williams,R,CLE,STL,Busch Stadium,6.3,4,0.13755,0.2949,0.3109,0.2176,0.2991,100,1.0,72,5,6,102,8.33,8.33,1.0,6.3,5.0
2026-04-13,Matthew Liberatore,L,STL,CLE,Busch Stadium,3.6,2,0.08875,0.24625000000000002,0.1624,0.2136,0.3023,100,1.0,72,5,6,92,3.33,3.33,1.0,3.6,5.0
2026-04-13,Nathan Eovaldi,R,TEX,ATH,Sutter Health Park,5.7,7,0.164,0.31215,0.2642,0.2323,0.3051,100,1.0,72,5,6,93,6.33,6.33,1.0,5.7,7.0
2026-04-13,Luis Severino,R,ATH,TEX,Sutter Health Park,4.9,7,0.10314999999999999,0.2467,0.2295,0.2268,0.3073,100,1.0,72,5,5,100,5.67,5.67,1.0,4.9,6.0
2026-04-13,David Peterson,L,NYM,LAD,UNIQLO Field at Dodger Stadium,4.5,7,0.11019999999999999,0.28664999999999996,0.2002,0.2254,0.2946,100,1.0,72,5,5,86,4.67,4.67,1.0,4.5,5.0
2026-04-13,Justin Wrobleski,L,LAD,NYM,UNIQLO Field at Dodger Stadium,3.3,2,0.10870000000000002,0.2658666666666667,0.207,0.2215,0.3036,100,1.0,72,5,7,78,2.0,2.0,1.0,3.3,8.0
